[{"id":1, "emoji":"AMAZED", "account_id":2, "article_id":1},
 {"id":2, "emoji":"AMAZED", "account_id":3, "article_id":1},
 {"id":3, "emoji":"GRINNING", "account_id":3, "article_id":2},
 {"id":4, "emoji":"SMILE", "account_id":4, "article_id":2},
 {"id":5, "emoji":"AMAZED", "account_id":4, "article_id":1},
 {"id":6, "emoji":"GRINNING", "account_id":2, "article_id":3},
 {"id":7, "emoji":"LOVELY", "account_id":2, "article_id":5},
 {"id":8, "emoji":"LOVELY", "account_id":3, "article_id":5},
 {"id":9, "emoji":"GRINNING", "account_id":2, "article_id":6},
 {"id":10, "emoji":"LOVELY", "account_id":5, "article_id":6},
 {"id":11, "emoji":"LOVELY", "account_id":3, "article_id":6},
 {"id":12, "emoji":"GRINNING", "account_id":3, "article_id":8},
 {"id":13, "emoji":"LOVELY", "account_id":7, "article_id":9},
 {"id":14, "emoji":"LOVELY", "account_id":7, "article_id":8},
 {"id":15, "emoji":"LOVELY", "account_id":3, "article_id":9},
 {"id":16, "emoji":"LOVELY", "account_id":7, "article_id":13},
 {"id":17, "emoji":"LOVELY", "account_id":7, "article_id":12},
 {"id":18, "emoji":"AMAZED", "account_id":7, "article_id":11},
 {"id":19, "emoji":"LOVELY", "account_id":7, "article_id":10},
 {"id":20, "emoji":"LOVELY", "account_id":7, "article_id":5},
 {"id":21, "emoji":"GRINNING", "account_id":7, "article_id":3},
 {"id":22, "emoji":"AMAZED", "account_id":7, "article_id":2},
 {"id":23, "emoji":"CRYING", "account_id":7, "article_id":1},
 {"id":24, "emoji":"AMAZED", "account_id":7, "article_id":15},
 {"id":25, "emoji":"LOVELY", "account_id":7, "article_id":16},
 {"id":26, "emoji":"AMAZED", "account_id":3, "article_id":19},
 {"id":27, "emoji":"LOVELY", "account_id":7, "article_id":19},
 {"id":28, "emoji":"LOVELY", "account_id":3, "article_id":18},
 {"id":29, "emoji":"LOVELY", "account_id":7, "article_id":18},
 {"id":30, "emoji":"AMAZED", "account_id":7, "article_id":14},
 {"id":31, "emoji":"AMAZED", "account_id":2, "article_id":21},
 {"id":32, "emoji":"SMILE", "account_id":2, "article_id":20},
 {"id":33, "emoji":"GRINNING", "account_id":2, "article_id":19},
 {"id":34, "emoji":"AMAZED", "account_id":2, "article_id":18},
 {"id":35, "emoji":"LOVELY", "account_id":2, "article_id":17},
 {"id":36, "emoji":"LOVELY", "account_id":2, "article_id":16},
 {"id":37, "emoji":"AMAZED", "account_id":2, "article_id":15},
 {"id":38, "emoji":"AMAZED", "account_id":2, "article_id":14},
 {"id":39, "emoji":"CRYING", "account_id":2, "article_id":13},
 {"id":40, "emoji":"LOVELY", "account_id":2, "article_id":12},
 {"id":41, "emoji":"AMAZED", "account_id":2, "article_id":11},
 {"id":42, "emoji":"AMAZED", "account_id":2, "article_id":9},
 {"id":43, "emoji":"LOVELY", "account_id":2, "article_id":10},
 {"id":44, "emoji":"LOVELY", "account_id":2, "article_id":8},
 {"id":45, "emoji":"CRYING", "account_id":2, "article_id":7},
 {"id":46, "emoji":"GRINNING", "account_id":7, "article_id":22},
 {"id":47, "emoji":"GRINNING", "account_id":3, "article_id":22},
 {"id":48, "emoji":"CRYING", "account_id":6, "article_id":23},
 {"id":49, "emoji":"LOVELY", "account_id":6, "article_id":22},
 {"id":50, "emoji":"AMAZED", "account_id":6, "article_id":24},
 {"id":51, "emoji":"GRINNING", "account_id":3, "article_id":23},
 {"id":54, "emoji":"LOVELY", "account_id":12, "article_id":24},
 {"id":55, "emoji":"GRINNING", "account_id":12, "article_id":23},
 {"id":56, "emoji":"LOVELY", "account_id":12, "article_id":22},
 {"id":57, "emoji":"GRINNING", "account_id":13, "article_id":3}]