[{"id":7, "account_id":2, "keyword_id":1},
 {"id":8, "account_id":2, "keyword_id":2},
 {"id":9, "account_id":2, "keyword_id":4},
 {"id":63, "account_id":3, "keyword_id":1},
 {"id":64, "account_id":3, "keyword_id":2},
 {"id":65, "account_id":3, "keyword_id":6},
 {"id":66, "account_id":9, "keyword_id":1},
 {"id":67, "account_id":5, "keyword_id":1},
 {"id":68, "account_id":5, "keyword_id":2},
 {"id":69, "account_id":5, "keyword_id":4},
 {"id":70, "account_id":13, "keyword_id":2},
 {"id":71, "account_id":13, "keyword_id":3},
 {"id":72, "account_id":1, "keyword_id":2},
 {"id":73, "account_id":1, "keyword_id":3},
 {"id":77, "account_id":14, "keyword_id":1},
 {"id":78, "account_id":14, "keyword_id":2},
 {"id":79, "account_id":14, "keyword_id":5}]