[{"id":1, "account_id":1, "healing_content_id":2},
 {"id":2, "account_id":1, "healing_content_id":4},
 {"id":3, "account_id":7, "healing_content_id":2},
 {"id":4, "account_id":7, "healing_content_id":6},
 {"id":5, "account_id":7, "healing_content_id":11},
 {"id":6, "account_id":7, "healing_content_id":18},
 {"id":7, "account_id":7, "healing_content_id":19},
 {"id":8, "account_id":7, "healing_content_id":23},
 {"id":9, "account_id":7, "healing_content_id":25},
 {"id":10, "account_id":6, "healing_content_id":11},
 {"id":11, "account_id":6, "healing_content_id":14},
 {"id":12, "account_id":6, "healing_content_id":16},
 {"id":13, "account_id":6, "healing_content_id":19},
 {"id":16, "account_id":12, "healing_content_id":1},
 {"id":17, "account_id":12, "healing_content_id":2},
 {"id":18, "account_id":12, "healing_content_id":4}]