[{"id":1, "content":"\uc800\ub294 \ud3ad\uadc4\ub4e4 \ubcf4\uba74 \ud790\ub9c1\uc774\ub418\uc694~~~\n\uadf8\ub798\uc11c \ub9d0\uc778\ub370 \ud3ad\uadc4\uc73c\ub85c 2\ud589\uc2dc \ud574\ubcf4\uaca0\uc2b5\ub2c8\ub2e4!\n\ud3ad, \ud3ad\ud604\uc219\n\uadc4, \uadc4\uce74", "created_date":"2021-05-20 16:36:17.305325", "updated_date":"2021-05-20 16:36:17.305339", "account_id":1},
 {"id":2, "content":"\uc815\uc2e0\uc744 \uc9d1\uc911\ud558\ub294 \ub370\uc5d0\ub294 \ubb50\ub2c8\ubb50\ub2c8\ud574\ub3c4 \uacf5\uc608\uac00 \ucd5c\uace0\uc778 \uac83 \uac19\uc544\uc694.\n\uc624\ub298\uc740 \uadc0\uac78\uc774\uc640 \ubcf4\uc11d, \uc170\uc774\ucee4 \ud2c0\uc744 \ub9cc\ub4e4\uc5c8\uc5b4\uc694^^", "created_date":"2021-05-20 16:50:56.062971", "updated_date":"2021-05-20 16:50:56.062986", "account_id":2},
 {"id":3, "content":"healingmate\uc5d0\uc11c \uc798 \ub180\ub2e4\uac00 \uac11\ub2c8\ub2e4!!!", "created_date":"2021-05-20 18:17:34.277249", "updated_date":"2021-05-20 18:17:34.277263", "account_id":4},
 {"id":5, "content":"\uc800\ub294 \ud56d\uc0c1 \uaf43\uc744 \ubcf4\uba70 \ud589\ubcf5\uc744 \ub290\uaef4\uc694~\n\uc774\uc058\uc9c0 \uc54a\ub098\uc694?\u314e\u314e", "created_date":"2021-05-21 04:22:26.648483", "updated_date":"2021-05-21 04:22:26.648509", "account_id":2},
 {"id":6, "content":"\uc9d1 \uadfc\ucc98 \uc5f0\uc218\uc6d0\uc774\uc5d0\uc694~ \ucd08\ub85d\ub0b4\uc74c\uc774 \uc815\ub9d0 \uc88b\uc9c0\uc54a\ub098\uc694?? \u314e\u314e", "created_date":"2021-05-21 04:25:38.861192", "updated_date":"2021-05-21 04:25:38.861206", "account_id":5},
 {"id":7, "content":"\ub9c8\uc74c\uc774 \ub2f5\ub2f5\ud560 \ub550,\n\ub3c8\uc774 \uc870\uae08 \ub4e4\ub354\ub77c\ub3c4 \ucf58\uc11c\ud2b8\uc5d0 \uac00\uc11c \ubaa8\ub4e0\uac78 \ub0b4\ub358\uc9c0\uace0 \uc624\ub294 \uac83\ub3c4 \uc815\ub9d0 \uc88b\uc558\ub358 \uac83 \uac19\uc544\uc694!\n\n\uc694\uc998\uc740 \uc9d1\uc5d0\uc11c \ub300\ub9ac\ub9cc\uc871\ud558\uace0 \uc788\uc9c0\ub9cc,\n\ucf54\ub85c\ub098\uac00 \ub05d\ub098\uba74 \ud558\uace0 \uc2f6\uc740 \uc77c 1\uc21c\uc704\uc785\ub2c8\ub2e4!", "created_date":"2021-05-21 04:30:34.594624", "updated_date":"2021-05-21 04:30:34.594638", "account_id":3},
 {"id":8, "content":"\uc88b\uc544\ud558\ub294 \uc74c\uc545\uc744 \ub4e4\uc73c\uba70 \ub290\ub080 \uac10\uc815\uc744 \uae00\uc528\uc5d0 \ub179\uc5ec\ub0b4\ub294 \ub3d9\uc548\uc5d4 \ub2e4\ub978 \uac83\ub4e4\uc740 \ub208\uc5d0 \ub4e4\uc5b4\uc624\uc9c0 \uc54a\uc544\uc694~", "created_date":"2021-05-21 04:49:23.258118", "updated_date":"2021-05-21 04:49:23.258133", "account_id":3},
 {"id":9, "content":"\uc6c5\uc7a5\ud55c \ud558\ub298\uc744 \ubcf4\uace0 \uc788\uc73c\uba74, \ub0b4\uac00 \uace0\ubbfc\ud558\ub294 \uac83\ub4e4\ub3c4 \ub300\ubd80\ubd84 \ubd80\uc9c8 \uc5c6\ub2e4\ub294 \uac78 \uae68\ub2eb\uace0 \ud3c9\ud654\ub85c\uc6cc \uc9c0\uace4 \ud574\uc694~", "created_date":"2021-05-21 05:07:06.075935", "updated_date":"2021-05-21 05:07:06.075948", "account_id":7},
 {"id":10, "content":"\uc0b0\uae38\uc744 \uac77\ub2e4\uac00 \uc6b0\uc5f0\ud788 \uc704\ub97c \uccd0\ub2e4\ubcf4\uba74 \uc232\uc774 \ub098\ub97c \uac10\uc2f8 \uc548\uace0 \uc788\ub2e4\ub294 \ub290\ub08c\uc774 \ub4e4\uba74\uc11c \ud3ec\uadfc\ud574\uc9d1\ub2c8\ub2e4~", "created_date":"2021-05-21 05:14:47.500410", "updated_date":"2021-05-21 05:14:47.500423", "account_id":3},
 {"id":11, "content":"\uc0ac\uc2e4 \uae00\ub7a8\ud551 \ub2e4\ub140\uc654\uc2b5\ub2c8\ub2e4..", "created_date":"2021-05-21 05:32:31.879929", "updated_date":"2021-05-21 05:32:31.879943", "account_id":9},
 {"id":12, "content":"\uafc0\uc7a0", "created_date":"2021-05-21 05:37:05.741690", "updated_date":"2021-05-21 05:37:05.741704", "account_id":9},
 {"id":13, "content":"\uc0c1\uc0c1 \uc5ec\ud589\uc911", "created_date":"2021-05-21 05:41:14.152858", "updated_date":"2021-05-21 05:41:14.152871", "account_id":9},
 {"id":14, "content":"\uc218\ubc15 \ub9de\uc2b5\ub2c8\ub2e4", "created_date":"2021-05-21 05:50:35.060528", "updated_date":"2021-05-21 05:50:35.060541", "account_id":9},
 {"id":15, "content":"\uc57c\uad6c\ubcf4\ub7ec\uac00\uae30", "created_date":"2021-05-21 06:00:04.948555", "updated_date":"2021-05-21 06:00:04.948568", "account_id":9},
 {"id":16, "content":"\ud310\ub2e4", "created_date":"2021-05-21 06:07:53.968896", "updated_date":"2021-05-21 06:07:53.968910", "account_id":10},
 {"id":17, "content":"\uc11c\uc6b8\uc232\uc5d0\uc11c \ud615\ud615\uc0c9\uc0c9\uc758 \uaf43\uc744 \ubcf4\uace0 \uc788\uc73c\uba74, \ub098\ub3c4 \uaf43\uc774 \ub41c \uae30\ubd84\uc774\uc5d0\uc694 ~_~", "created_date":"2021-05-21 06:14:58.167464", "updated_date":"2021-05-21 06:14:58.167478", "account_id":3},
 {"id":18, "content":"\ud504\ub85c\uadf8\ub798\ubc0d\ud560\ub54c \ud544\uc694\ud55c \ub2e8\ucd95\ud0a4\ub4e4\uc744 \ud558\ub098\ud558\ub098 \uc678\uc6b8\ub54c\ub9c8\ub2e4 \uc0dd\ud65c\uc774 \uc815\ub9d0 \uc724\ud0dd\ud574\uc9c0\ub294 \uac83\uc744 \ub290\uaef4\uc694!\n\ucd5c\uadfc\uc5d0\ub294 ctrl + shift + \uc88c\uc6b0\ubc29\ud5a5\ud0a4\ub97c \uc774\uc6a9\ud55c \ube14\ub7ed\ucc98\ub9ac\ub97c \ubc30\uc6e0\ub294\ub370 \ub108\ubb34 \ud589\ubcf5\ud588\uc5b4\uc694!", "created_date":"2021-05-21 06:23:15.593104", "updated_date":"2021-05-21 06:23:15.593118", "account_id":7},
 {"id":19, "content":"\ub4dc\ub77c\ub9c8 \ubab0\uc544\ubcf4\uae30", "created_date":"2021-05-21 06:27:19.741635", "updated_date":"2021-05-21 06:27:19.741648", "account_id":10},
 {"id":20, "content":"\uc790\uae30 \uacc4\ubc1c\uc11c\ub97c \uc77d\uc73c\uba74\uc11c \ub0b4\uac00 \uc0b4\uc544\uc628 \uc0b6\uc744 \ub3cc\uc544\ubcf4\uace0, \ub0b4\uac00 \ubbf8\ucc98 \ud558\uc9c0 \ubabb\ud588\ub358 \uc0dd\uac01\uc758 \ubc29\ud5a5\uc744 \uc5bb\uac8c \ub418\uc5b4\uc11c \ud589\ubcf5\ud574\uc694 :)", "created_date":"2021-05-21 06:39:21.454632", "updated_date":"2021-05-21 06:39:21.454646", "account_id":7},
 {"id":21, "content":"\uc77c\uc0c1 \uc18d\uc5d0\uc11c \ub2f9\uc5f0\ud558\ub2e4\uace0 \ub290\uaf08\ub358 \uac83\ub4e4\uc5d0 \ub300\ud574\uc11c, \ud558\ub8e8\ucbe4\uc740 \uadf8 \ubaa8\ub4e0 \uac83\uc774 \uc874\uc7ac\ud568\uc5d0 \uac10\uc0ac\ud558\ub294 \uc2dc\uac04\uc744 \uac00\uc84c\uc73c\uba74 \uc88b\uaca0\uc5b4\uc694! \uc228\uc26c\uace0 \uc788\ub294 \uac83\uc870\ucc28 \ud589\ubcf5\ud558\ub2e4\uace0 \ub290\uaef4\uc9c0\ub354\ub77c\uad6c\uc694~", "created_date":"2021-05-21 06:47:48.872922", "updated_date":"2021-05-21 06:47:48.872935", "account_id":7},
 {"id":22, "content":"\ub2ec\ub2ec\ud55c \ucd08\ucf5c\ub9bf \ub9cc\ub4e4\uc5c8\uc5b4\uc694~", "created_date":"2021-05-21 06:58:35.048996", "updated_date":"2021-05-21 06:58:35.049010", "account_id":6},
 {"id":23, "content":"\uc61b\ub0a0\uc5d0 \uac14\ub358 \ud559\uc220 \ub300\ud68c\uac00 \ub5a0\uc624\ub974\ub124\uc694~ \n\uc5ed\uc2dc \uc9c0\uc2dd\uc5d0\uc11c \uc624\ub294 \ucf8c\uac10\uc740 \ubabb\uc774\uae30\ub294 \ubc95\uc774\uc8e0\n\ub9c8\uc2a4\ud06c\uc5c6\uc774 \ub2e4\ub2c8\ub358 \uadf8\ub54c\uac00 \uadf8\ub9ac\uc6cc\uc694", "created_date":"2021-05-21 07:04:49.501390", "updated_date":"2021-05-21 07:04:49.501405", "account_id":6},
 {"id":24, "content":"\ud558\ub8e8\ud558\ub8e8\uc758 \uae68\ub2ec\uc74c\uc744 \uae00\ub85c \uc62e\uae30\uba74\uc11c \ub0b4\uc77c\uc740 \ub354 \ub098\uc740 \ub098\ub97c \uae30\ub300\ud574\ubcf4\ub294 \uc77c\ub3c4 \ub450\uadfc\uac70\ub9ac\uc9c0 \uc54a\ub098\uc694?", "created_date":"2021-05-21 07:05:58.857606", "updated_date":"2021-05-21 07:05:58.857620", "account_id":7}]