[{"id":1, "article_id":1, "image_id":1},
 {"id":2, "article_id":1, "image_id":2},
 {"id":3, "article_id":2, "image_id":3},
 {"id":4, "article_id":2, "image_id":4},
 {"id":5, "article_id":2, "image_id":5},
 {"id":6, "article_id":3, "image_id":6},
 {"id":7, "article_id":5, "image_id":7},
 {"id":8, "article_id":5, "image_id":8},
 {"id":9, "article_id":6, "image_id":9},
 {"id":10, "article_id":7, "image_id":10},
 {"id":11, "article_id":7, "image_id":11},
 {"id":12, "article_id":8, "image_id":12},
 {"id":13, "article_id":9, "image_id":13},
 {"id":14, "article_id":10, "image_id":14},
 {"id":15, "article_id":10, "image_id":15},
 {"id":16, "article_id":10, "image_id":16},
 {"id":17, "article_id":11, "image_id":17},
 {"id":18, "article_id":12, "image_id":18},
 {"id":19, "article_id":13, "image_id":19},
 {"id":20, "article_id":14, "image_id":20},
 {"id":21, "article_id":15, "image_id":21},
 {"id":22, "article_id":16, "image_id":22},
 {"id":23, "article_id":16, "image_id":23},
 {"id":24, "article_id":16, "image_id":24},
 {"id":25, "article_id":17, "image_id":25},
 {"id":26, "article_id":17, "image_id":26},
 {"id":27, "article_id":17, "image_id":27},
 {"id":28, "article_id":18, "image_id":28},
 {"id":29, "article_id":19, "image_id":29},
 {"id":30, "article_id":20, "image_id":30},
 {"id":31, "article_id":21, "image_id":31},
 {"id":32, "article_id":22, "image_id":32},
 {"id":33, "article_id":23, "image_id":33},
 {"id":34, "article_id":24, "image_id":34}]