[{"id":1, "path":"1/article-images/1_0"},
 {"id":2, "path":"1/article-images/1_1"},
 {"id":3, "path":"2/article-images/2_0"},
 {"id":4, "path":"2/article-images/2_1"},
 {"id":5, "path":"2/article-images/2_2"},
 {"id":6, "path":"4/article-images/3_0"},
 {"id":7, "path":"2/article-images/5_0"},
 {"id":8, "path":"2/article-images/5_1"},
 {"id":9, "path":"5/article-images/6_0"},
 {"id":10, "path":"3/article-images/7_0"},
 {"id":11, "path":"3/article-images/7_1"},
 {"id":12, "path":"3/article-images/8_0"},
 {"id":13, "path":"7/article-images/9_0"},
 {"id":14, "path":"3/article-images/10_0"},
 {"id":15, "path":"3/article-images/10_1"},
 {"id":16, "path":"3/article-images/10_2"},
 {"id":17, "path":"9/article-images/11_0"},
 {"id":18, "path":"9/article-images/12_0"},
 {"id":19, "path":"9/article-images/13_0"},
 {"id":20, "path":"9/article-images/14_0"},
 {"id":21, "path":"9/article-images/15_0"},
 {"id":22, "path":"10/article-images/16_0"},
 {"id":23, "path":"10/article-images/16_1"},
 {"id":24, "path":"10/article-images/16_2"},
 {"id":25, "path":"3/article-images/17_0"},
 {"id":26, "path":"3/article-images/17_1"},
 {"id":27, "path":"3/article-images/17_2"},
 {"id":28, "path":"7/article-images/18_0"},
 {"id":29, "path":"10/article-images/19_0"},
 {"id":30, "path":"7/article-images/20_0"},
 {"id":31, "path":"7/article-images/21_0"},
 {"id":32, "path":"6/article-images/22_0"},
 {"id":33, "path":"6/article-images/23_0"},
 {"id":34, "path":"7/article-images/24_0"}]